ID,workout_ID,exercise_ID,duration,pause,round,exRound
2000,0,161,45,10,1,1
2001,0,110,30,5,1,2
2002,0,480,30,5,1,3
2003,0,221,30,5,1,4
2004,0,129,30,5,1,5
2005,0,453,15,5,1,6
2006,0,473,15,5,1,7
2007,0,470,10,5,1,8
8,1,218,30,10,1,1
9,1,636,45,20,1,2
10,1,635,30,20,1,3
11,1,217,30,60,2,1
12,1,636,45,20,2,2
13,1,635,30,20,2,3
14,1,627,30,60,3,1
15,1,636,45,20,3,2
16,1,635,30,20,3,3
17,1,216,30,60,4,1
18,1,636,45,20,4,2
19,1,635,30,20,4,3
20,1,219,30,60,5,1
21,1,636,45,20,5,2
22,1,635,30,20,5,3
23,1,220,30,60,6,1
24,1,636,45,20,6,2
25,1,635,30,20,6,3
26,2,218,30,10,1,1
27,2,92,45,20,1,2
28,2,126,30,20,1,3
29,2,217,30,60,2,1
30,2,92,45,20,2,2
31,2,126,30,20,2,3
32,2,627,30,60,3,1
33,2,92,45,20,3,2
34,2,126,30,20,3,3
35,2,216,30,60,4,1
36,2,92,45,20,4,2
37,2,126,30,20,4,3
38,2,219,30,60,5,1
39,2,92,45,20,5,2
40,2,126,30,20,5,3
41,2,220,30,60,6,1
42,2,92,45,20,6,2
43,2,126,30,20,6,3
44,3,218,30,10,1,1
45,3,72,45,20,1,2
46,3,614,30,20,1,3
47,3,217,30,60,2,1
48,3,72,45,20,2,2
49,3,614,30,20,2,3
50,3,627,30,60,3,1
51,3,72,45,20,3,2
52,3,614,30,20,3,3
53,3,216,30,60,4,1
54,3,72,45,20,4,2
55,3,614,30,20,4,3
56,3,219,30,60,5,1
57,3,72,45,20,5,2
58,3,614,30,20,5,3
59,3,220,30,60,6,1
60,3,72,45,20,6,2
61,3,614,30,20,6,3
62,4,158,30,10,1,1
63,4,636,30,20,1,2
64,4,218,30,20,1,3
65,4,293,30,20,1,4
66,4,303,30,20,1,5
67,4,171,30,20,1,6
68,4,158,45,60,2,1
69,4,636,45,20,2,2
70,4,218,45,20,2,3
71,4,293,45,20,2,4
72,4,303,45,20,2,5
73,4,171,45,20,2,6
74,4,158,30,60,3,1
75,4,636,30,20,3,2
76,4,218,30,20,3,3
77,4,293,30,20,3,4
78,4,303,30,20,3,5
79,4,171,30,20,3,6
80,5,158,30,10,1,1
81,5,92,30,20,1,2
82,5,217,30,20,1,3
83,5,290,30,20,1,4
84,5,303,30,20,1,5
85,5,192,30,20,1,6
86,5,158,45,60,2,1
87,5,92,45,20,2,2
88,5,217,45,20,2,3
89,5,290,45,20,2,4
90,5,303,45,20,2,5
91,5,192,45,20,2,6
92,5,158,30,60,3,1
93,5,92,30,20,3,2
94,5,217,30,20,3,3
95,5,290,30,20,3,4
96,5,303,30,20,3,5
97,5,192,30,20,3,6
98,6,626,30,10,1,1
99,6,72,30,20,1,2
100,6,219,30,20,1,3
101,6,207,30,20,1,4
102,6,303,30,20,1,5
103,6,284,30,20,1,6
104,6,626,45,60,2,1
105,6,72,45,20,2,2
106,6,219,45,20,2,3
107,6,207,45,20,2,4
108,6,303,45,20,2,5
109,6,284,45,20,2,6
110,6,626,30,60,3,1
111,6,72,30,20,3,2
112,6,219,30,20,3,3
113,6,207,30,20,3,4
114,6,303,30,20,3,5
115,6,284,30,20,3,6
116,7,161,60,10,1,1
117,7,636,40,20,1,2
118,7,276,40,20,1,3
119,7,165,40,20,1,4
120,7,635,40,20,1,5
121,7,91,40,20,1,6
122,7,635,40,20,1,7
123,7,76,40,20,1,8
124,7,123,40,20,1,9
125,7,73,40,20,1,10
126,7,161,55,60,2,1
127,7,636,35,20,2,2
128,7,276,35,20,2,3
129,7,165,35,20,2,4
130,7,635,35,20,2,5
131,7,91,35,20,2,6
132,7,635,35,20,2,7
133,7,76,35,20,2,8
134,7,123,35,20,2,9
135,7,73,35,20,2,10
136,7,161,50,60,3,1
137,7,636,30,20,3,2
138,7,276,30,20,3,3
139,7,165,30,20,3,4
140,7,635,30,20,3,5
141,7,91,30,20,3,6
142,7,635,30,20,3,7
143,7,76,30,20,3,8
144,7,123,30,20,3,9
145,7,73,30,20,3,10
146,8,161,60,10,1,1
147,8,92,40,20,1,2
148,8,279,40,20,1,3
149,8,178,40,20,1,4
150,8,105,40,20,1,5
151,8,75,40,20,1,6
152,8,126,40,20,1,7
153,8,90,40,20,1,8
154,8,123,40,20,1,9
155,8,74,40,20,1,10
156,8,161,55,60,2,1
157,8,92,35,20,2,2
158,8,279,35,20,2,3
159,8,178,35,20,2,4
160,8,105,35,20,2,5
161,8,75,35,20,2,6
162,8,126,35,20,2,7
163,8,90,35,20,2,8
164,8,123,35,20,2,9
165,8,74,35,20,2,10
166,8,161,50,60,3,1
167,8,92,30,20,3,2
168,8,279,30,20,3,3
169,8,178,30,20,3,4
170,8,105,30,20,3,5
171,8,75,30,20,3,6
172,8,126,30,20,3,7
173,8,90,30,20,3,8
174,8,123,30,20,3,9
175,8,74,30,20,3,10
176,9,161,60,10,1,1
177,9,72,40,20,1,2
178,9,278,40,20,1,3
179,9,199,40,20,1,4
180,9,112,40,20,1,5
181,9,80,40,20,1,6
182,9,614,40,20,1,7
183,9,96,40,20,1,8
184,9,123,40,20,1,9
185,9,67,40,20,1,10
186,9,161,55,60,2,1
187,9,72,35,20,2,2
188,9,278,35,20,2,3
189,9,199,35,20,2,4
190,9,112,35,20,2,5
191,9,80,35,20,2,6
192,9,614,35,20,2,7
193,9,96,35,20,2,8
194,9,123,35,20,2,9
195,9,67,35,20,2,10
196,9,161,50,60,3,1
197,9,72,30,20,3,2
198,9,278,30,20,3,3
199,9,199,30,20,3,4
200,9,112,30,20,3,5
201,9,80,30,20,3,6
202,9,614,30,20,3,7
203,9,96,30,20,3,8
204,9,123,30,20,3,9
205,9,67,30,20,3,10
206,10,75,60,10,1,1
207,10,187,60,20,1,2
208,10,301,45,20,1,3
209,10,74,45,20,1,4
210,10,617,45,20,1,5
211,10,193,45,20,1,6
212,10,81,60,20,1,7
213,10,82,60,10,1,8
214,10,75,45,60,2,1
215,10,187,45,20,2,2
216,10,301,40,20,2,3
217,10,74,40,20,2,4
218,10,617,40,20,2,5
219,10,193,40,20,2,6
220,10,81,45,20,2,7
221,10,82,45,10,2,8
222,10,75,45,60,3,1
223,10,187,45,20,3,2
224,10,301,40,20,3,3
225,10,74,40,20,3,4
226,10,617,40,20,3,5
227,10,193,40,20,3,6
228,10,81,45,20,3,7
229,10,82,45,10,3,8
230,11,80,60,10,1,1
231,11,191,60,20,1,2
232,11,322,45,20,1,3
233,11,67,45,20,1,4
234,11,114,45,20,1,5
235,11,282,45,20,1,6
236,11,81,60,20,1,7
237,11,82,60,10,1,8
238,11,80,45,60,2,1
239,11,191,45,20,2,2
240,11,322,40,20,2,3
241,11,67,40,20,2,4
242,11,114,40,20,2,5
243,11,282,40,20,2,6
244,11,81,45,20,2,7
245,11,82,45,10,2,8
246,11,80,45,60,3,1
247,11,191,45,20,3,2
248,11,322,40,20,3,3
249,11,67,40,20,3,4
250,11,114,40,20,3,5
251,11,282,40,20,3,6
252,11,81,45,20,3,7
253,11,82,45,10,3,8
254,12,92,30,10,1,1
255,12,81,30,15,1,2
256,12,82,30,15,1,3
257,12,92,30,15,1,4
258,12,75,30,15,1,5
259,12,92,30,15,1,6
260,12,100,30,15,1,7
261,12,92,45,45,2,1
262,12,81,45,15,2,2
263,12,82,45,15,2,3
264,12,92,45,15,2,4
265,12,75,45,15,2,5
266,12,92,45,15,2,6
267,12,100,45,15,2,7
268,12,92,30,45,3,1
269,12,81,30,15,3,2
270,12,82,30,15,3,3
271,12,92,30,15,3,4
272,12,75,30,15,3,5
273,12,92,30,15,3,6
274,12,100,30,15,3,7
275,13,350,45,10,1,1
276,13,618,40,20,1,2
277,13,635,45,20,1,3
278,13,167,40,20,1,4
279,13,123,30,20,1,5
280,13,165,40,20,1,6
281,13,91,45,20,1,7
282,13,350,45,60,2,1
283,13,191,35,20,2,2
284,13,635,40,20,2,3
285,13,621,35,20,2,4
286,13,123,30,20,2,5
287,13,165,40,20,2,6
288,13,91,45,20,2,7
289,13,350,45,60,3,1
290,13,618,40,20,3,2
291,13,635,40,20,3,3
292,13,167,40,20,3,4
293,13,123,30,20,3,5
294,13,165,40,20,3,6
295,13,91,45,20,3,7
296,14,292,45,10,1,1
297,14,92,45,25,1,2
298,14,187,35,25,1,3
299,14,100,45,25,1,4
300,14,217,45,25,1,5
301,14,87,45,25,1,6
302,14,192,45,25,1,7
303,14,75,45,25,1,8
304,14,292,45,60,2,1
305,14,92,45,25,2,2
306,14,187,35,25,2,3
307,14,100,45,25,2,4
308,14,217,45,25,2,5
309,14,87,45,25,2,6
310,14,192,45,25,2,7
311,14,75,45,25,2,8
312,14,292,30,60,3,1
313,14,92,30,25,3,2
314,14,191,30,25,3,3
315,14,100,30,25,3,4
316,14,216,30,25,3,5
317,14,87,30,25,3,6
318,14,192,30,25,3,7
319,14,80,30,25,3,8
320,14,193,30,25,3,9
321,15,280,45,10,1,1
322,15,72,45,25,1,2
323,15,191,35,25,1,3
324,15,98,45,25,1,4
325,15,216,45,25,1,5
326,15,89,45,25,1,6
327,15,284,45,25,1,7
328,15,80,45,25,1,8
329,15,280,45,60,2,1
330,15,72,45,25,2,2
331,15,191,35,25,2,3
332,15,98,45,25,2,4
333,15,216,45,25,2,5
334,15,89,45,25,2,6
335,15,284,45,25,2,7
336,15,80,45,25,2,8
337,15,344,45,60,3,1
338,15,72,30,25,3,2
339,15,186,30,25,3,3
340,15,98,30,25,3,4
341,15,216,45,25,3,5
342,15,89,30,25,3,6
343,15,192,45,25,3,7
344,15,95,30,25,3,8
345,15,193,30,25,3,9
346,15,290,30,25,3,10
347,16,636,40,10,1,1
348,16,185,40,20,1,2
349,16,194,40,20,1,3
350,16,195,40,10,1,4
351,16,70,40,20,1,5
352,16,621,40,20,1,6
353,16,636,35,60,2,1
354,16,185,35,20,2,2
355,16,194,35,20,2,3
356,16,195,35,10,2,4
357,16,70,35,20,2,5
358,16,621,35,20,2,6
359,16,636,30,60,3,1
360,16,185,30,20,3,2
361,16,194,30,20,3,3
362,16,195,30,10,3,4
363,16,70,30,20,3,5
364,16,621,30,20,3,6
365,17,92,40,10,1,1
366,17,292,40,20,1,2
367,17,81,40,20,1,3
368,17,82,40,10,1,4
369,17,100,40,20,1,5
370,17,187,40,20,1,6
371,17,92,35,60,2,1
372,17,292,35,20,2,2
373,17,81,35,20,2,3
374,17,82,35,10,2,4
375,17,100,35,20,2,5
376,17,187,35,20,2,6
377,17,92,30,60,3,1
378,17,292,30,20,3,2
379,17,81,30,20,3,3
380,17,82,30,10,3,4
381,17,100,30,20,3,5
382,17,187,30,20,3,6
383,18,72,40,10,1,1
384,18,280,40,20,1,2
385,18,81,40,20,1,3
386,18,82,40,10,1,4
387,18,98,40,20,1,5
388,18,191,40,20,1,6
389,18,72,35,60,2,1
390,18,280,35,20,2,2
391,18,81,35,20,2,3
392,18,82,35,10,2,4
393,18,98,35,20,2,5
394,18,191,35,20,2,6
395,18,72,30,60,3,1
396,18,280,30,20,3,2
397,18,81,30,20,3,3
398,18,82,30,10,3,4
399,18,98,30,20,3,5
400,18,191,30,20,3,6
401,19,145,60,10,1,1
402,19,81,35,20,1,2
403,19,82,35,10,1,3
404,19,212,60,20,1,4
405,19,187,40,20,1,5
406,19,192,40,20,1,6
407,19,153,60,20,1,7
408,19,145,50,60,2,1
409,19,81,35,20,2,2
410,19,82,35,10,2,3
411,19,212,50,20,2,4
412,19,187,40,20,2,5
413,19,192,40,20,2,6
414,19,153,50,20,2,7
415,19,145,40,60,3,1
416,19,81,35,20,3,2
417,19,82,35,10,3,3
418,19,212,40,20,3,4
419,19,187,40,20,3,5
420,19,192,40,20,3,6
421,19,153,40,20,3,7
422,20,623,60,10,1,1
423,20,81,35,20,1,2
424,20,82,35,10,1,3
425,20,212,60,20,1,4
426,20,191,40,20,1,5
427,20,172,40,20,1,6
428,20,151,60,20,1,7
429,20,623,50,60,2,1
430,20,81,35,20,2,2
431,20,82,35,10,2,3
432,20,212,50,20,2,4
433,20,191,40,20,2,5
434,20,172,40,20,2,6
435,20,151,50,20,2,7
436,20,623,40,60,3,1
437,20,81,35,20,3,2
438,20,82,35,10,3,3
439,20,212,40,20,3,4
440,20,191,40,20,3,5
441,20,172,40,20,3,6
442,20,151,40,20,3,7
443,21,292,45,10,1,1
444,21,126,45,20,1,2
445,21,206,35,20,1,3
446,21,75,45,20,1,4
447,21,153,60,20,1,6
448,21,292,45,60,2,1
449,21,105,45,20,2,2
450,21,206,35,20,2,3
451,21,75,45,20,2,4
452,21,346,60,20,2,6
453,21,292,45,60,3,1
454,21,126,45,20,3,2
455,21,206,35,20,3,3
456,21,75,45,20,3,4
457,21,153,60,20,3,6
458,22,280,45,10,1,1
459,22,614,45,20,1,2
460,22,206,35,20,1,3
461,22,80,45,20,1,4
462,22,151,60,20,1,6
463,22,280,45,60,2,1
464,22,112,45,20,2,2
465,22,206,35,20,2,3
466,22,80,45,20,2,4
467,22,146,60,20,2,6
468,22,280,45,60,3,1
469,22,614,45,20,3,2
470,22,206,35,20,3,3
471,22,80,45,20,3,4
472,22,151,60,20,3,6
473,23,356,45,10,1,1
474,23,66,45,20,1,2
475,23,636,45,20,1,3
476,23,167,45,20,1,4
477,23,635,45,20,1,5
478,23,210,45,20,1,6
479,23,171,30,20,1,7
480,23,109,45,60,2,1
481,23,66,45,20,2,2
482,23,636,45,20,2,3
483,23,621,45,20,2,4
484,23,635,45,20,2,5
485,23,350,45,20,2,6
486,23,171,30,20,2,7
487,23,356,45,60,3,1
488,23,66,45,20,3,2
489,23,636,45,20,3,3
490,23,167,45,20,3,4
491,23,635,45,20,3,5
492,23,210,45,20,3,6
493,23,171,30,20,3,7
494,24,208,30,10,1,1
495,24,85,45,20,1,2
496,24,80,30,20,1,3
497,24,78,45,20,1,4
498,24,81,30,20,1,5
499,24,337,45,20,1,6
500,24,82,30,20,1,7
501,24,208,30,60,2,1
502,24,85,45,20,2,2
503,24,80,30,20,2,3
504,24,78,45,20,2,4
505,24,81,30,20,2,5
506,24,337,45,20,2,6
507,24,82,30,20,2,7
508,24,208,30,60,3,1
509,24,85,45,20,3,2
510,24,80,30,20,3,3
511,24,78,45,20,3,4
512,24,81,30,20,3,5
513,24,337,45,20,3,6
514,24,82,30,20,3,7
515,25,348,60,10,1,1
516,25,635,20,20,1,2
517,25,110,60,20,1,3
518,25,167,45,20,1,4
519,25,109,60,20,1,5
520,25,635,45,20,1,6
521,25,348,45,60,2,1
522,25,635,20,20,2,2
523,25,110,45,20,2,3
524,25,109,45,20,2,4
525,25,635,35,20,2,5
526,25,348,45,60,3,1
527,25,635,20,20,3,2
528,25,110,35,20,3,3
529,25,109,45,20,3,4
530,25,635,30,20,3,5
531,26,153,45,10,1,1
532,26,66,45,20,1,2
533,26,92,45,20,1,3
534,26,618,45,20,1,4
535,26,126,45,20,1,5
536,26,210,45,20,1,6
537,26,192,30,20,1,7
538,26,346,45,60,2,1
539,26,66,45,20,2,2
540,26,92,45,20,2,3
541,26,187,45,20,2,4
542,26,126,45,20,2,5
543,26,145,45,20,2,6
544,26,192,30,20,2,7
545,26,153,45,60,3,1
546,26,66,45,20,3,2
547,26,92,45,20,3,3
548,26,618,45,20,3,4
549,26,126,45,20,3,5
550,26,210,45,20,3,6
551,26,192,30,20,3,7
552,27,151,45,10,1,1
553,27,66,45,20,1,2
554,27,72,45,20,1,3
555,27,180,45,20,1,4
556,27,614,45,20,1,5
557,27,210,45,20,1,6
558,27,284,30,20,1,7
559,27,346,45,60,2,1
560,27,66,45,20,2,2
561,27,72,45,20,2,3
562,27,191,45,20,2,4
563,27,614,45,20,2,5
564,27,623,45,20,2,6
565,27,284,30,20,2,7
566,27,151,45,60,3,1
567,27,66,45,20,3,2
568,27,72,45,20,3,3
569,27,180,45,20,3,4
570,27,614,45,20,3,5
571,27,210,45,20,3,6
572,27,284,30,20,3,7
573,28,291,30,10,1,1
574,28,92,30,20,1,2
575,28,173,30,20,1,3
576,28,303,30,20,1,4
577,28,163,30,20,1,5
578,28,291,45,60,2,1
579,28,92,45,20,2,2
580,28,173,45,20,2,3
581,28,303,45,20,2,4
582,28,163,45,20,2,5
583,28,291,30,60,3,1
584,28,92,30,20,3,2
585,28,173,30,20,3,3
586,28,303,30,20,3,4
587,28,163,30,20,3,5
588,28,291,45,60,4,1
589,28,92,45,20,4,2
590,28,173,45,20,4,3
591,28,303,45,20,4,4
592,28,163,45,20,4,5
593,29,315,30,10,1,1
594,29,72,30,20,1,2
595,29,164,30,20,1,3
596,29,303,30,20,1,4
597,29,163,30,20,1,5
598,29,315,45,60,2,1
599,29,72,45,20,2,2
600,29,164,45,20,2,3
601,29,303,45,20,2,4
602,29,163,45,20,2,5
603,29,315,30,60,3,1
604,29,72,30,20,3,2
605,29,164,30,20,3,3
606,29,303,30,20,3,4
607,29,163,30,20,3,5
608,29,315,45,60,4,1
609,29,72,45,20,4,2
610,29,164,45,20,4,3
611,29,303,45,20,4,4
612,29,163,45,20,4,5
613,30,178,35,10,1,1
614,30,92,60,20,1,2
615,30,193,40,20,1,3
616,30,292,45,20,1,4
617,30,90,40,20,1,5
618,30,193,40,20,1,6
619,30,81,45,20,1,7
620,30,82,45,10,1,8
621,30,178,30,60,2,1
622,30,92,50,20,2,2
623,30,193,35,20,2,3
624,30,292,40,20,2,4
625,30,90,35,20,2,5
626,30,193,35,20,2,6
627,30,81,40,20,2,7
628,30,82,40,10,2,8
629,30,178,30,60,3,1
630,30,92,40,20,3,2
631,30,193,30,20,3,3
632,30,292,35,20,3,4
633,30,90,30,20,3,5
634,30,193,30,20,3,6
635,30,81,35,20,3,7
636,30,82,35,10,3,8
637,31,350,45,10,1,1
638,31,111,45,20,1,2
639,31,292,45,20,1,3
640,31,209,45,20,1,4
641,31,193,45,20,1,5
642,31,346,45,20,1,6
643,31,87,45,20,1,7
644,31,627,45,20,1,8
645,31,153,45,20,1,9
646,31,114,45,20,1,10
647,31,350,45,60,2,1
648,31,111,45,20,2,2
649,31,292,35,20,2,3
650,31,209,45,20,2,4
651,31,193,45,20,2,5
652,31,346,45,20,2,6
653,31,87,45,20,2,7
654,31,627,45,20,2,8
655,31,153,45,20,2,9
656,31,114,45,20,2,10
657,32,145,60,10,1,1
658,32,611,60,20,1,2
659,32,280,60,20,1,3
660,32,209,60,20,1,4
661,32,282,60,20,1,5
662,32,146,60,20,1,6
663,32,87,60,20,1,7
664,32,216,60,20,1,8
665,32,341,60,20,1,9
666,32,114,60,20,1,10
667,32,350,30,60,2,1
668,32,111,30,20,2,2
669,32,292,30,20,2,3
670,32,209,30,20,2,4
671,32,282,30,20,2,5
672,32,146,30,20,2,6
673,32,87,30,20,2,7
674,32,216,30,20,2,8
675,32,341,30,20,2,9
676,32,114,30,20,2,10
677,33,161,30,10,1,1
678,33,126,30,10,1,2
679,33,617,30,10,1,3
680,33,346,30,10,1,5
681,33,161,35,60,2,1
682,33,126,35,20,2,2
683,33,617,35,20,2,3
684,33,346,35,20,2,5
685,33,161,40,60,3,1
686,33,126,40,25,3,2
687,33,617,40,25,3,3
688,33,346,40,25,3,5
689,33,161,45,60,4,1
690,33,126,45,30,4,2
691,33,617,45,30,4,3
692,33,346,45,30,4,5
693,34,161,30,10,1,1
694,34,614,30,10,1,2
695,34,114,30,10,1,3
696,34,146,30,10,1,5
697,34,161,35,60,2,1
698,34,614,35,20,2,2
699,34,114,35,20,2,3
700,34,146,35,20,2,5
701,34,161,40,60,3,1
702,34,614,40,25,3,2
703,34,114,40,25,3,3
704,34,146,40,25,3,5
705,34,161,45,60,4,1
706,34,614,45,30,4,2
707,34,114,45,30,4,3
708,34,146,45,30,4,5
709,35,347,60,10,1,1
710,35,92,60,20,1,2
711,35,279,60,20,1,3
712,35,75,60,20,1,4
713,35,346,60,20,1,5
714,35,100,60,20,1,6
715,35,347,45,60,2,1
716,35,92,45,20,2,2
717,35,279,45,20,2,3
718,35,75,45,20,2,4
719,35,346,45,20,2,5
720,35,100,45,20,2,6
721,35,347,40,60,3,1
722,35,92,40,20,3,2
723,35,279,40,20,3,3
724,35,75,40,20,3,4
725,35,346,40,20,3,5
726,35,100,40,20,3,6
727,35,347,35,60,4,1
728,35,92,35,20,4,2
729,35,276,35,20,4,3
730,35,80,35,20,4,4
731,35,146,35,20,4,5
732,35,100,35,20,4,6
733,36,163,30,10,1,1
734,36,159,30,20,1,2
735,36,309,30,20,1,3
736,36,75,30,20,1,4
737,36,193,30,20,1,5
738,36,208,60,20,1,6
739,36,163,40,60,2,1
740,36,159,40,20,2,2
741,36,309,40,20,2,3
742,36,75,40,20,2,4
743,36,193,40,20,2,5
744,36,208,60,20,2,6
745,36,163,50,60,3,1
746,36,159,50,20,3,2
747,36,309,50,20,3,3
748,36,75,50,20,3,4
749,36,193,50,20,3,5
750,36,208,60,20,3,6
751,37,163,30,10,1,1
752,37,159,30,20,1,2
753,37,287,30,20,1,3
754,37,80,30,20,1,4
755,37,282,30,20,1,5
756,37,208,60,20,1,6
757,37,163,40,60,2,1
758,37,159,40,20,2,2
759,37,287,40,20,2,3
760,37,80,40,20,2,4
761,37,282,40,20,2,5
762,37,208,60,20,2,6
763,37,163,50,60,3,1
764,37,159,50,20,3,2
765,37,287,50,20,3,3
766,37,80,50,20,3,4
767,37,282,50,20,3,5
768,37,208,60,20,3,6
769,38,123,35,10,1,1
770,38,105,35,20,1,2
771,38,126,35,20,1,3
772,38,217,35,20,1,4
773,38,279,35,20,1,5
774,38,209,35,20,1,6
775,38,346,35,20,1,7
776,38,123,45,60,2,1
777,38,105,45,20,2,2
778,38,126,45,20,2,3
779,38,217,45,20,2,4
780,38,279,45,20,2,5
781,38,209,45,20,2,6
782,38,346,45,20,2,7
783,38,123,35,60,3,1
784,38,105,35,20,3,2
785,38,126,35,20,3,3
786,38,217,35,20,3,4
787,38,279,35,20,3,5
788,38,209,35,20,3,6
789,38,346,35,20,3,7
790,39,325,30,10,1,1
791,39,328,30,25,1,2
792,39,339,45,25,1,3
793,39,181,30,25,1,4
794,39,333,30,25,1,5
795,39,325,30,60,2,1
796,39,328,30,25,2,2
797,39,339,45,25,2,3
798,39,181,30,25,2,4
799,39,333,30,25,2,5
800,39,325,30,60,3,1
801,39,328,30,25,3,2
802,39,339,45,25,3,3
803,39,181,30,25,3,4
804,39,333,30,25,3,5
805,40,323,30,10,1,1
806,40,328,30,20,1,2
807,40,339,45,20,1,3
808,40,206,30,20,1,4
809,40,337,30,20,1,5
810,40,202,30,20,1,6
811,40,201,30,10,1,7
812,40,323,30,60,2,1
813,40,328,30,20,2,2
814,40,339,45,20,2,3
815,40,206,30,20,2,4
816,40,337,30,20,2,5
817,40,202,30,20,2,6
818,40,201,30,10,2,7
819,40,323,30,60,3,1
820,40,328,30,20,3,2
821,40,339,45,20,3,3
822,40,206,30,20,3,4
823,40,337,30,20,3,5
824,40,202,30,20,3,6
825,40,201,30,10,3,7
826,41,323,45,10,1,1
827,41,328,45,20,1,2
828,41,339,45,20,1,3
829,41,206,45,20,1,4
830,41,337,45,20,1,5
831,41,202,45,20,1,6
832,41,201,45,10,1,7
833,41,323,45,60,2,1
834,41,328,45,20,2,2
835,41,339,45,20,2,3
836,41,206,45,20,2,4
837,41,337,45,20,2,5
838,41,202,45,20,2,6
839,41,201,45,10,2,7
840,41,323,45,60,3,1
841,41,328,45,20,3,2
842,41,339,45,20,3,3
843,41,206,45,20,3,4
844,41,337,45,20,3,5
845,41,202,45,20,3,6
846,41,201,45,10,3,7
847,42,209,60,10,1,1
848,42,220,60,20,1,2
849,42,283,60,20,1,3
850,42,612,60,20,1,4
851,42,165,60,20,1,5
852,42,98,60,20,1,6
853,42,151,60,20,1,7
854,42,216,60,20,1,8
855,42,72,60,20,1,9
856,42,290,60,20,1,10
857,42,209,45,10,2,1
858,42,220,45,20,2,2
859,42,283,45,20,2,3
860,42,612,45,20,2,4
861,42,165,45,20,2,5
862,42,98,45,20,2,6
863,42,151,45,20,2,7
864,42,216,45,20,2,8
865,42,72,45,20,2,9
866,42,290,45,20,2,10
867,42,209,30,10,3,1
868,42,220,30,20,3,2
869,42,283,30,20,3,3
870,42,612,30,20,3,4
871,42,165,30,20,3,5
872,42,98,30,20,3,6
873,42,151,30,20,3,7
874,42,216,30,20,3,8
875,42,72,30,20,3,9
876,42,290,30,20,3,10
877,43,124,30,10,1,1
878,43,153,30,20,1,2
879,43,125,30,20,1,3
880,43,126,30,20,1,4
881,43,187,30,20,1,5
882,43,617,30,20,1,6
883,43,124,30,60,2,1
884,43,153,30,20,2,2
885,43,125,30,20,2,3
886,43,126,30,20,2,4
887,43,187,30,20,2,5
888,43,617,30,20,2,6
889,43,124,30,60,3,1
890,43,153,30,20,3,2
891,43,125,30,20,3,3
892,43,126,30,20,3,4
893,43,187,30,20,3,5
894,43,617,30,20,3,6
895,44,124,30,10,1,1
896,44,151,30,20,1,2
897,44,634,30,20,1,3
898,44,614,30,20,1,4
899,44,191,30,20,1,5
900,44,114,30,20,1,6
901,44,124,30,60,2,1
902,44,151,30,20,2,2
903,44,634,30,20,2,3
904,44,614,30,20,2,4
905,44,191,30,20,2,5
906,44,114,30,20,2,6
907,44,124,30,60,3,1
908,44,151,30,20,3,2
909,44,634,30,20,3,3
910,44,614,30,20,3,4
911,44,191,30,20,3,5
912,44,114,30,20,3,6
913,45,145,45,10,1,1
914,45,292,45,30,1,2
915,45,159,45,30,1,3
916,45,192,45,30,1,4
917,45,81,45,30,1,5
918,45,82,45,30,1,6
919,45,145,40,60,2,1
920,45,292,40,30,2,2
921,45,159,40,30,2,3
922,45,192,40,30,2,4
923,45,81,40,30,2,5
924,45,82,40,30,2,6
925,45,145,35,60,3,1
926,45,292,35,30,3,2
927,45,159,35,30,3,3
928,45,192,35,30,3,4
929,45,81,35,30,3,5
930,45,82,35,30,3,6
931,46,145,75,10,1,1
932,46,292,60,30,1,2
933,46,159,60,30,1,3
934,46,317,30,30,1,4
935,46,81,60,30,1,5
936,46,82,60,30,1,6
937,46,303,45,30,1,7
938,46,79,30,30,1,8
939,46,310,30,30,1,9
940,46,145,60,90,2,1
941,46,292,50,20,2,2
942,46,159,50,20,2,3
943,46,317,30,20,2,4
944,46,81,50,20,2,5
945,46,82,50,20,2,6
946,46,303,40,20,2,7
947,46,79,30,20,2,8
948,46,310,30,20,2,9
949,46,145,50,90,3,1
950,46,292,40,20,3,2
951,46,159,40,20,3,3
952,46,317,30,20,3,4
953,46,81,40,20,3,5
954,46,82,40,20,3,6
955,46,303,35,20,3,7
956,46,79,30,20,3,8
957,46,310,30,20,3,9
958,47,161,60,10,1,1
959,47,346,45,20,1,2
960,47,87,45,20,1,3
961,47,290,45,20,1,4
962,47,105,45,20,1,5
963,47,92,45,10,1,6
964,47,309,45,10,1,6
965,47,161,60,10,2,1
966,47,346,45,20,2,2
967,47,87,45,20,2,3
968,47,290,45,20,2,4
969,47,105,45,20,2,5
970,47,92,45,10,2,6
971,47,309,45,10,2,6
972,47,161,60,10,3,1
973,47,346,45,20,3,2
974,47,87,45,20,3,3
975,47,290,45,20,3,4
976,47,105,45,20,3,5
977,47,92,45,10,3,6
978,47,309,45,10,3,6
979,48,91,30,10,1,1
980,48,621,30,20,1,2
981,48,70,30,20,1,3
982,48,166,30,20,1,4
983,48,636,30,20,1,5
984,48,171,30,20,1,6
985,48,73,30,20,1,6
986,48,69,30,20,1,6
987,48,91,60,60,2,1
988,48,621,60,20,2,2
989,48,70,60,20,2,3
990,48,166,60,20,2,4
991,48,636,60,20,2,5
992,48,171,60,20,2,6
993,48,73,60,20,2,7
994,48,69,60,20,2,8
995,48,91,30,60,3,1
996,48,621,30,20,3,2
997,48,70,30,20,3,3
998,48,166,30,20,3,4
999,48,636,30,20,3,5
1000,48,171,30,20,3,6
1001,48,73,30,20,3,7
1002,48,69,30,20,3,8
